cluster_id,dhsclust,lat,lon,urban_rural,task_id,timestamp
BF_1_2010,1,10.109415,-2.807555,R,VBMHQ6HMETCTTHA2ZL2FH4LK,2026-05-21T00:42:52
BF_2_2010,2,10.388513,-3.907798,R,AQ5YY2K7ALWEBSPW3R3LJZOI,2026-05-21T00:42:52
BF_3_2010,3,9.882864,-2.925703,U,RXU47SCFZ4GEDFUBTUYSZAEJ,2026-05-21T00:42:53
BF_4_2010,4,13.573418,-2.16312,R,UWBONC633TSJ5RUP4DTH22EV,2026-05-21T00:42:54
BF_5_2010,5,12.453299,-3.461899,R,A3SGJ3L7APTQXEJ3FXJ2O2EA,2026-05-21T00:42:55
BF_6_2010,6,12.045308,-2.083828,R,IHPFCA5NYIJI6N54L2QHAXPQ,2026-05-21T00:42:55
BF_7_2010,7,14.354198,-0.672096,R,UEZTIACA4WGTQ3AJSDTRCPJF,2026-05-21T00:42:56
BF_8_2010,8,12.311034,-1.562071,U,G6LXLFXH2E4EVIDJAVPSZBVB,2026-05-21T00:42:57
BF_9_2010,9,11.780763,-0.363904,U,VZXGHASMWSV7D64GCHWP22NO,2026-05-21T00:42:58
BF_10_2010,10,13.225114,-1.337994,R,OIA5NBZCILNUNEDJRKBVIUX3,2026-05-21T00:43:05
BF_11_2010,11,12.257957,-1.580725,R,HBLBJT4J6ZPX2LA5N3HMYS3A,2026-05-21T00:43:05
BF_12_2010,12,12.347135,-1.525563,U,PEKMHCGFCIOQRTQW3YZ4VDFY,2026-05-21T00:43:06
BF_13_2010,13,12.206242,-0.635913,U,N2VGIKD4VM7VIX4JMQO4P6BE,2026-05-21T00:43:07
BF_14_2010,14,11.003476,-0.862065,R,AACIPWROFX4LA35KKE52SSWW,2026-05-21T00:43:08
BF_16_2010,16,11.153261,-4.299484,U,6NTZVCVV3OKVW7J5R4QELPGH,2026-05-21T00:43:09
BF_17_2010,17,12.082664,0.036727,R,TCXIL4WVSDBJB6OWJR4YVZZD,2026-05-21T00:43:09
BF_18_2010,18,12.333709,-1.570541,U,ICIZXUSQI2OPTBRGONQXFC6W,2026-05-21T00:43:10
BF_20_2010,20,12.25055,-2.314605,U,RECXCYI4PBRHUTAXIYFFBNLL,2026-05-21T00:43:11
BF_21_2010,21,12.991776,-0.130199,U,3ANMIOJORPQ5GE5QPI3IXYQQ,2026-05-21T00:43:12
BF_22_2010,22,11.140421,-4.332875,U,H2AYZ6IVKXB7NHI7PZVJUENM,2026-05-21T00:43:13
BF_23_2010,23,12.576038,-2.061067,R,YBKS3KU2RKR2V4Q7VBKDPUUH,2026-05-21T00:43:13
BF_24_2010,24,11.935787,-1.550645,R,7WPJPYJVYSPEMCILPO5JUZAN,2026-05-21T00:43:14
BF_25_2010,25,13.334079,0.334133,R,X2O22CX5YNIRFF5TVEWFQYPO,2026-05-21T00:43:14
BF_27_2010,27,13.625441,-2.957449,R,IBWGXZ7WPNFKVTVDW27AJZWT,2026-05-21T00:43:15
BF_28_2010,28,11.146847,-4.194512,R,FPHWDNQ3SAYT64QPLCEPGHDE,2026-05-21T00:43:15
BF_31_2010,31,13.411583,-1.784539,R,LDQVIFQWGBLBQ3YYGGCOQBWR,2026-05-21T00:43:16
BF_32_2010,32,11.340071,-4.392795,R,7LA7P42SSBVDGBUA4BZ2WKLK,2026-05-21T00:43:17
BF_33_2010,33,13.857371,-1.888292,R,6CVRUVFMR2IAFJ7OLKKGILKX,2026-05-21T00:43:17
BF_34_2010,34,12.997927,-2.361195,R,MPXWONB2O2APHHEINXPS6IFO,2026-05-21T00:43:18
BF_35_2010,35,10.636343,-5.099515,R,CNI7V23ITNLTWYAO5SKK5SNP,2026-05-21T00:43:19
BF_36_2010,36,12.357662,-1.450608,U,DPY4FTASLZ7VZPF6XIVKJCZX,2026-05-21T00:43:20
BF_37_2010,37,13.924683,-2.358051,R,G4L3L72RJDDV57NBORMRZBLZ,2026-05-21T00:43:20
BF_38_2010,38,14.35238,-0.595966,R,F25HCOOMK7F3U52XWYWYXN6P,2026-05-21T00:43:21
BF_39_2010,39,14.011574,-1.108112,R,BGSFFGKTW7MWZBXZND6NCT3A,2026-05-21T00:43:21
BF_40_2010,40,12.066752,0.336321,U,J7KANWV65PXR5EP5PW5WRNEX,2026-05-21T00:43:22
BF_41_2010,41,13.722037,-2.124789,R,HPV22U5OMYKY5MPNSUY52RUJ,2026-05-21T00:43:24
BF_42_2010,42,11.675384,-0.930571,R,2WK7KCTXRE3JTI5PLQFWTANI,2026-05-21T00:43:24
BF_44_2010,44,14.391355,0.205113,R,4ZD4TY4B2J6IRPANAKECVAOX,2026-05-21T00:43:25
BF_45_2010,45,11.815498,-0.407874,U,PUSHRSCCRK2QHHD4ADMM2FQP,2026-05-21T00:43:26
BF_46_2010,46,12.395007,-1.58993,U,QJC22M6567NVJ3ACNHEJ2IRS,2026-05-21T00:43:27
BF_47_2010,47,11.789239,-0.731029,R,AM5XI4XQG7QV42T3I7CV6RZI,2026-05-21T00:43:28
BF_48_2010,48,14.273547,-1.466946,R,2KMIUUD3VUZHRVVWNDFIDYO6,2026-05-21T00:43:29
BF_50_2010,50,12.434032,-2.726864,R,GXJCDLIV32EE3YPROH3FQ5GW,2026-05-21T00:43:29
BF_51_2010,51,12.487741,1.108082,R,GIHINCOH6ZJ4YIFP2K2JYHOD,2026-05-21T00:43:30
BF_52_2010,52,10.643663,-4.752587,U,7WP5T45YKM4AXTARHSKG6QGQ,2026-05-21T00:43:30
BF_53_2010,53,11.361044,-0.588096,R,JWBUBYNHVKRX3FUYNE2DPOSJ,2026-05-21T00:43:32
BF_54_2010,54,12.371034,-1.502172,U,DDFKCKM3WWR3NLUO5DGYF4AK,2026-05-21T00:43:32
BF_55_2010,55,12.816884,-1.59489,R,77GMMIXPR43JASFON3B7GPXU,2026-05-21T00:43:32
BF_56_2010,56,11.667293,-1.069946,R,NPUKU377KHOBZXO7RK2KC3MA,2026-05-21T00:43:33
BF_57_2010,57,12.268623,-2.351418,U,MRU2BXEXN5MX23B6NAHZGWCZ,2026-05-21T00:43:34
BF_59_2010,59,12.094527,-3.661177,U,B2YETC2F7MOYTXXBE2PLXJ42,2026-05-21T00:43:35
BF_60_2010,60,10.011584,-4.49659,R,SBG7FXMNSKWP6PL6BMI6N3X3,2026-05-21T00:43:35
BF_61_2010,61,10.66951,-3.577657,R,OOV23GRLBWTB2KUNGF3GLCW5,2026-05-21T00:43:36
BF_62_2010,62,12.37048,-1.491622,U,6CTGYXQQFOQELYHFBDV5I54A,2026-05-21T00:43:37
BF_63_2010,63,12.402839,-1.467623,U,MJK2PA5X2NW4IYV6Y322B6V3,2026-05-21T00:43:38
BF_64_2010,64,12.341763,-1.573263,U,WGXQ7AWC4E4DQDMJW27KDUUK,2026-05-21T00:43:38
BF_65_2010,65,12.458446,-3.416953,R,UPKKLMOV6TSFKGYCZEUQ5ZNF,2026-05-21T00:43:38
BF_66_2010,66,12.291861,-2.451599,U,HAUWING4PG55IGUWWOA6BXJM,2026-05-21T00:43:39
BF_67_2010,67,12.325955,-0.648306,R,JMYEWD5BNLPDKCV2UFTD6GUD,2026-05-21T00:43:40
BF_68_2010,68,11.137935,0.812677,R,SH5N5EJ2L2UE6KP3WW3Y3XCE,2026-05-21T00:43:41
BF_69_2010,69,13.102305,-1.110773,U,ZITNJGZF2HJ3LLKYVEL5VXM4,2026-05-21T00:43:41
BF_70_2010,70,12.040364,-2.697336,R,B4UQTJTMKGYOSVOB4NMLAT3X,2026-05-21T00:43:42
BF_71_2010,71,12.058901,-1.342583,U,YGZ66JII7SLSO4YJ5VYFSMBO,2026-05-21T00:43:43
BF_72_2010,72,11.391082,0.034848,R,47K6DLJAYARQUOOAPOWFWGU3,2026-05-21T00:43:44
BF_73_2010,73,12.898892,0.208355,R,G5YWTLSU3KK2TGPZOK3I77QX,2026-05-21T00:43:44
BF_74_2010,74,11.180897,-3.048518,R,IPRBYW4GOWPU4WYBUKRB63MS,2026-05-21T00:43:45
BF_75_2010,75,12.657737,-1.890669,U,FXYBJZHCL4QVQ3EW3LSF55XS,2026-05-21T00:43:45
BF_76_2010,76,11.247308,-2.951582,R,RFAZKGFXA4VUJ3LJVSUYRLZ5,2026-05-21T00:43:45
BF_77_2010,77,14.288375,-1.841096,R,MY5GYNNP7S76TEO7FOGDSYHX,2026-05-21T00:43:46
BF_79_2010,79,12.579385,-1.302727,U,QJTBDIPH3OJUYK3VWQWPT47A,2026-05-21T00:43:47
BF_80_2010,80,11.824379,-1.281051,R,I5RSPEWPVK6ZQLDOC4BFO2YW,2026-05-21T00:43:47
BF_81_2010,81,13.587589,-2.404808,U,VBJRLZX3NON4EDW544CPFJXP,2026-05-21T00:43:48
BF_82_2010,82,10.681623,-2.921532,R,SFVXXAMNAPAY55WDMMNRF7SX,2026-05-21T00:43:49
BF_83_2010,83,14.764099,-0.701351,R,UWV3O6PD7TMLLSJ52P7TKWXM,2026-05-21T00:43:49
BF_84_2010,84,11.595796,-3.734358,R,YTUIZLT4DO2KGQUTK5UGIA7H,2026-05-21T00:43:49
BF_85_2010,85,13.287746,-0.288676,R,B45LU6YLO763ABJ3AZ22WXUO,2026-05-21T00:43:50
BF_86_2010,86,13.126832,-0.474611,R,KUFW6ZC45B5OE22IBMNWRAEN,2026-05-21T00:43:50
BF_87_2010,87,10.623121,-4.750122,U,XPBOVAR2MY7MKISNOUQCTQSB,2026-05-21T00:43:51
BF_88_2010,88,12.45215,-1.50235,U,O75HWSTWM623PUJSAZSCCSIA,2026-05-21T00:43:52
BF_89_2010,89,13.556581,-2.416411,U,FH5B4ZSJO6GTWNGJ6WSZYALM,2026-05-21T00:43:52
BF_90_2010,90,12.724523,-1.458212,R,6EOVGS5KJ7PGVN5KCYWXVWCT,2026-05-21T00:43:53
BF_91_2010,91,13.965912,0.140244,R,ZBFSQIXVR2VXPMAJHPZSBTE7,2026-05-21T00:43:53
BF_92_2010,92,11.204153,-3.835975,R,5EMBBS3NSX2L4MKIYJSOI37U,2026-05-21T00:43:54
BF_94_2010,94,13.21631,-3.402839,R,UMY5CV7HHXRZTD74SMCN3RP6,2026-05-21T00:43:54
BF_95_2010,95,13.08741,-1.55914,R,K4L6VWFPEZ46M74AW47HGHTE,2026-05-21T00:43:55
BF_96_2010,96,13.926065,-0.621687,R,E5JGWBZGZM25JMFIRQCZI2AL,2026-05-21T00:43:56
BF_97_2010,97,13.996752,-0.455815,R,A2MDYANBWBKYPLGFMKQ3XVEE,2026-05-21T00:43:57
BF_98_2010,98,12.412302,-2.091716,R,YNGJ7G2Q2SQHEPZCLEOMQGQ2,2026-05-21T00:43:57
BF_99_2010,99,13.207396,-2.33292,U,F3DGWPXBLKPQ5CKKQ5UCBPOI,2026-05-21T00:43:59
BF_100_2010,100,11.214297,-4.297445,U,WM5WES6UYMJJ4S6OG24R557S,2026-05-21T00:43:59
BF_101_2010,101,12.157775,-3.057831,R,T4MR564IK3IKJOXL62WUAKQL,2026-05-21T00:44:00
BF_102_2010,102,11.445107,-1.375463,U,6FFSHQGG4PEBAIUWGC5CXI5E,2026-05-21T00:44:01
BF_103_2010,103,13.795614,-2.08919,U,36L6YC5K7HNKZQJVF5S7LJ3H,2026-05-21T00:44:03
BF_104_2010,104,13.458714,-2.593186,R,F5V7Y2UBLQRKTSKML227NS7K,2026-05-21T00:44:04
BF_105_2010,105,11.827348,-4.286511,R,HE4LHJQYAOPAKX4LGKXB3CKG,2026-05-21T00:44:04
BF_106_2010,106,12.375584,-1.59758,U,KNAZU2YSEHK5DLNVMDQV5DQD,2026-05-21T00:44:05
BF_107_2010,107,12.905742,-1.875587,R,MBK5IAYK3QNA7KNO7IF2GPFW,2026-05-21T00:44:05
BF_109_2010,109,12.991244,-0.470765,R,A6F7W2QLHMI5D2VFDOIH2ESV,2026-05-21T00:44:06
BF_110_2010,110,11.704772,-1.176198,R,ZXPEP4FZ3LZW3NLS4GDIJTCC,2026-05-21T00:44:07
BF_111_2010,111,11.547855,-0.953401,R,2ZWPYAP6M2RCJEMA3PTO2VIK,2026-05-21T00:44:07
BF_112_2010,112,12.435974,-1.804617,R,PSNRTW3JN6HIE6RVCI77VM7J,2026-05-21T00:44:08
BF_113_2010,113,12.396911,-1.585047,U,OTR3Q7J4FKJUQMJFLALYCOEC,2026-05-21T00:44:09
BF_114_2010,114,13.073901,-3.07037,U,XCMKTH7MZ2G6IIPYIPOKP7A6,2026-05-21T00:44:10
BF_115_2010,115,10.33425,-3.191713,U,I7OADCZMWHTWKKGNP6C3E5HC,2026-05-21T00:44:10
BF_116_2010,116,10.40725,-3.575604,R,GDGJCFXK6WU62PWKFQWSQNLN,2026-05-21T00:44:10
BF_117_2010,117,12.379666,-1.460304,R,XLGGYSP3EG7GVETGPE55DZF7,2026-05-21T00:44:11
BF_118_2010,118,12.387015,-1.423612,R,6GWK5Y4D4FY4TGPZEX2GGSR7,2026-05-21T00:44:12
BF_119_2010,119,10.633128,-4.772543,U,QFCWC7GPCT2FFL2RV6XB6FTH,2026-05-21T00:44:12
BF_120_2010,120,13.371844,-1.869378,R,GUEAQCHKYTIKXJARJJA5DPVT,2026-05-21T00:44:12
BF_121_2010,121,11.275982,-0.308889,U,FXOMT4XN7SPRZJ4XMOIWZMV6,2026-05-21T00:44:13
BF_122_2010,122,10.416851,-3.29208,R,EAITIYA6ZW5X77J5P3QWUCHC,2026-05-21T00:44:14
BF_123_2010,123,11.082006,-4.174616,U,GMQM6VM6N7SJVNXQGGPCNOG6,2026-05-21T00:44:14
BF_124_2010,124,12.243032,-2.379474,U,PLR5D2WST6MRXXUA62YZLFR2,2026-05-21T00:44:15
BF_125_2010,125,11.42296,-1.87833,R,ONJLNOQTXONGUQTWCMYV3CH7,2026-05-21T00:44:16
BF_126_2010,126,10.115371,-3.390232,R,PXMF4PKIPVHOZ6WNAIP3EPPY,2026-05-21T00:44:16
BF_127_2010,127,9.904725,-4.276925,R,Q425OTIXQUULMEC3S4V5M2W5,2026-05-21T00:44:17
BF_129_2010,129,13.783894,-0.132581,R,M3DHNQCM7LXH72N7SPU23SH5,2026-05-21T00:44:17
BF_130_2010,130,11.899799,-1.394522,R,UR34K52OXMQJ6VT2SHD32SPC,2026-05-21T00:44:20
BF_131_2010,131,11.197363,-4.287301,U,Y3G2ARLNTVMDHD5WJOZUMR6Z,2026-05-21T00:44:20
BF_132_2010,132,11.971339,-2.327599,R,7P3SXSMORCUM6INBJQWM4F7K,2026-05-21T00:44:20
BF_133_2010,133,14.038373,-0.025185,U,YOZOD2VLWEJINP7P4LEZ4UCY,2026-05-21T00:44:21
BF_134_2010,134,12.984089,-2.790386,R,7D6R2UJW6Z37RSMYCU4VGRVA,2026-05-21T00:44:21
BF_135_2010,135,14.093874,-1.626029,U,KYGNA2ZCCLBTMGH42ORSSV6S,2026-05-21T00:44:22
BF_136_2010,136,12.323488,-1.534711,U,BUWSSA6RS7PKL5OSLZDNURXU,2026-05-21T00:44:22
BF_137_2010,137,10.325593,-3.161334,U,FPTNQDEMQWU7MIXTGHO47HOH,2026-05-21T00:44:23
BF_138_2010,138,14.325145,-1.46671,R,3UIEHFLBGX2N6AQI2BZ7WR5B,2026-05-21T00:44:23
BF_139_2010,139,11.825634,-0.459292,R,GRTQZSIULWTYX4IELR4KBYYA,2026-05-21T00:44:24
BF_140_2010,140,12.914139,-4.174205,R,IIBSZCCZBDGAOUU75X7XTXDF,2026-05-21T00:44:25
BF_141_2010,141,11.114204,-2.106373,U,2B7DF2R4BVLKRUKNEALHH7BG,2026-05-21T00:44:25
BF_142_2010,142,13.055246,-1.926182,R,G7RAQIRTIRG6HCTX3BQDN5OY,2026-05-21T00:44:26
BF_143_2010,143,11.137273,-4.312672,U,Z4WSDCXRHHCTXMK5DO7I24QS,2026-05-21T00:44:26
BF_144_2010,144,12.399321,-1.474127,U,4O6CVQEUDIYJLIUSFQVRO2SI,2026-05-21T00:44:27
BF_145_2010,145,12.977585,-1.218014,R,JQN3XLIB5NTZTCYW4HT2ZP23,2026-05-21T00:44:28
BF_146_2010,146,12.880258,-0.72242,R,VTUJC5IZAZKXN2OVYURGK5PS,2026-05-21T00:44:28
BF_147_2010,147,11.604378,-0.00445,R,KBPV6FYFMNZ7QN6KTZR2FQDZ,2026-05-21T00:44:29
BF_148_2010,148,12.421491,-3.590393,R,LE4PAQ6OWH65KZZRRIM263SX,2026-05-21T00:44:30
BF_149_2010,149,12.451779,1.503227,R,O6PUOJ6WZ7P7VMSIWVNBPTDE,2026-05-21T00:44:31
BF_150_2010,150,11.347641,-1.617787,R,XN2BKC633TRAVNBY3IMHYSVF,2026-05-21T00:44:31
BF_151_2010,151,11.077866,-5.244539,R,QOXQ77VK7BP6TCOTZOW7DNEW,2026-05-21T00:44:31
BF_152_2010,152,11.774325,-0.368609,U,J7GIS5Y5UNQ2TTQJWSPF7VYY,2026-05-21T00:44:32
BF_153_2010,153,11.619531,-0.447134,R,Y5BTESLOZ2NM7TGHZOMMT2LF,2026-05-21T00:44:33
BF_154_2010,154,13.250679,-2.243943,R,MYXCLW4IJYCG6UV7RPKUW3S6,2026-05-21T00:44:33
BF_155_2010,155,10.977046,-3.501715,R,27MMCHLJYXELDR6AVP4PCSBC,2026-05-21T00:44:33
BF_156_2010,156,12.793794,-3.337302,R,4UILT7YBBJE5OZWFDHMDIFQE,2026-05-21T00:44:34
BF_157_2010,157,12.349028,-3.497014,R,Z4YLTEP7JQFYXOZA3VDM56JY,2026-05-21T00:44:34
BF_158_2010,158,12.965863,-1.353602,R,W3RFSYCGGXEZWQISNGDPTDXO,2026-05-21T00:44:35
BF_159_2010,159,13.184694,-1.048206,R,3FMYQJ6M6T4JVW6KPD5R7ZDI,2026-05-21T00:44:36
BF_160_2010,160,11.710407,0.403988,R,D3GNGJW7MLUXUIJBXNRLSCWQ,2026-05-21T00:44:37
BF_161_2010,161,12.522572,-2.71307,R,BG5DRKQKRZCUPNKEIMNNHFGY,2026-05-21T00:44:38
BF_162_2010,162,10.849352,-3.889996,R,LPUTSJNCM3HGFBEFOJJULE3L,2026-05-21T00:44:38
BF_163_2010,163,12.021122,-2.525876,R,7QRHDVBD7LYVBHEXPG5PFNK3,2026-05-21T00:44:39
BF_164_2010,164,10.015349,-2.968855,R,DQPE52MCLSQIGSJ2E7CAGQ7G,2026-05-21T00:44:39
BF_165_2010,165,11.573989,-5.087567,R,GWHVRLHYS4LV4VV33TAGTBK7,2026-05-21T00:44:39
BF_166_2010,166,11.076411,-0.864389,R,EETD7OMMINMZXAHYLXPJXCLA,2026-05-21T00:44:40
BF_167_2010,167,10.605069,-2.982295,R,NPP2NVM4AO63LOR5DV6ZW76Y,2026-05-21T00:44:41
BF_168_2010,168,13.92994,-1.625824,R,2EHW6RP3DSRWSYKRKATBEWCN,2026-05-21T00:44:41
BF_169_2010,169,12.026618,1.33167,R,7EVC4NAOALJPGVDBF4Z23OIV,2026-05-21T00:44:42
BF_170_2010,170,12.081904,0.377143,U,P7LPO7TTOWH7ZSLOLPMBH7XJ,2026-05-21T00:44:42
BF_171_2010,171,13.487117,-2.346869,R,DK6KRZK4TP45VMJD6IUAW2XF,2026-05-21T00:44:43
BF_172_2010,172,10.962162,-3.258284,U,L5UAD6SFDC6QBSC3KDNF5T5G,2026-05-21T00:44:43
BF_173_2010,173,12.951789,-2.259949,U,BMN2TEJ4EP6LRIVNNBSPCN2S,2026-05-21T00:44:44
BF_174_2010,174,11.174102,-4.332322,U,WV7U6VMCTLQNL3PT7JFI5DGQ,2026-05-21T00:44:45
BF_175_2010,175,11.163129,-3.322228,R,32RNPCFU722RSSOVIPI2OVAU,2026-05-21T00:44:46
BF_176_2010,176,13.098312,-1.064123,U,65TB7KA6OUNDWVXMJ3I6J6OA,2026-05-21T00:44:46
BF_178_2010,178,11.717044,-1.240848,R,FNVK3OI5YZ4KZF3U5AWCIGS3,2026-05-21T00:44:47
BF_179_2010,179,12.403809,-0.443407,R,YLTOCHBSIUUZLJBF6HCNTRFF,2026-05-21T00:44:47
BF_180_2010,180,12.046021,-0.890274,R,YSIFSRP4FCUUKM32UPAKBVTB,2026-05-21T00:44:48
BF_181_2010,181,11.430197,-1.377283,R,SDH4S7J6SRQPWU4LZJYLNS7X,2026-05-21T00:44:48
BF_182_2010,182,12.662502,-1.891545,U,BUVNUCETQBQCYMYYTJFJG3XL,2026-05-21T00:44:49
BF_183_2010,183,12.475926,-3.457903,U,UAA4ZX73OGI5M4VAVOLRJZ3G,2026-05-21T00:44:49
BF_185_2010,185,12.252588,-0.438764,U,W43PGLCVNPWPLYZU6R4H5QO5,2026-05-21T00:44:50
BF_186_2010,186,12.662489,-3.737259,R,RZGKWM73WGPJMQYHBESHXC7L,2026-05-21T00:44:50
BF_187_2010,187,11.967475,-3.276435,R,RDASQA6XFDIFA6TQAT2K7XFH,2026-05-21T00:44:51
BF_188_2010,188,12.198854,-4.175388,R,ORDBVAHM5Z3FWI3UESDXARGG,2026-05-21T00:44:52
BF_190_2010,190,10.154779,-2.958556,R,UM5UL5KMIB4UQLB4JBFUB2PS,2026-05-21T00:44:52
BF_191_2010,191,11.496649,-3.427254,R,WY6KM7K4WPSFYKDTRDFZRBZ6,2026-05-21T00:44:53
BF_192_2010,192,13.401049,-0.178987,R,6E6ETE3SZ6RYC6RIIDV6ZC3A,2026-05-21T00:44:54
BF_193_2010,193,11.437972,-0.753559,R,AVSYBEZE4IXGHYNIXEYEGJB6,2026-05-21T00:44:55
BF_194_2010,194,11.15113,-3.063155,U,KS2IFJUCQ4Z2JFJM3T6C3OHQ,2026-05-21T00:44:56
BF_195_2010,195,10.266694,-4.92006,U,QGN7CMXCL6RZQJOOHZJB5LBZ,2026-05-21T00:44:57
BF_196_2010,196,11.153913,-2.629709,R,5544TRZLBUTCZGGKVQDQEQBB,2026-05-21T00:44:57
BF_197_2010,197,12.172904,-0.331811,U,SY6OXZCYIRRBF4JRVSLFNQHI,2026-05-21T00:44:58
BF_198_2010,198,14.42824,-0.261974,R,3WPU2NNWRUF4MBHMUB3Q3J7T,2026-05-21T00:44:58
BF_199_2010,199,12.062992,1.864319,R,CEJWZ3XWPTQ7BPQHRL6222ZF,2026-05-21T00:44:59
BF_200_2010,200,11.943324,-3.05767,R,E6NC5G3A2UOBJML2RO2UX4SQ,2026-05-21T00:45:00
BF_201_2010,201,11.173461,0.137175,R,IWXO7QWP3KED35WKQA7KCBP2,2026-05-21T00:45:00
BF_202_2010,202,14.608462,-0.712399,R,BVZEXCVBCIKFNQH3V3LESCEE,2026-05-21T00:45:00
BF_203_2010,203,11.427735,-1.390587,R,NLSONRV3R2ABBZF5OS3575HU,2026-05-21T00:45:01
BF_204_2010,204,12.80561,-2.386764,R,XKAPLEAQBBYXWUEOLP5CH2PL,2026-05-21T00:45:01
BF_205_2010,205,13.248545,-1.836138,R,7ZOUBG77XE63OTO4W7H6LQLN,2026-05-21T00:45:02
BF_206_2010,206,11.556143,-4.243944,R,EUOQRAZFDVBDDKM6YYUK2FBZ,2026-05-21T00:45:02
BF_207_2010,207,11.455654,0.386662,R,AGMQVEELZEUOZA57Z4SEPGGL,2026-05-21T00:45:02
BF_208_2010,208,11.252015,-2.930706,R,FWYB25QXWJFRGHDXI6SMI5V5,2026-05-21T00:45:03
BF_209_2010,209,11.671682,-1.062657,U,UEVA6ZO4YCENNBSWPAGG5DPQ,2026-05-21T00:45:04
BF_210_2010,210,12.331916,-2.470549,U,EQ5VJB52YUZZYFRDZFMOOSNM,2026-05-21T00:45:04
BF_211_2010,211,11.55511,-5.004715,R,SVKEPLOOSDLZOZ6IGHX242AP,2026-05-21T00:45:05
BF_212_2010,212,12.127459,0.083308,R,WH22MYWAYHVG7YVADCG66OLT,2026-05-21T00:45:06
BF_213_2010,213,13.046377,-4.18174,R,5IYTTTSBJ3DGIKPGVZOB7PVU,2026-05-21T00:45:07
BF_214_2010,214,12.332857,-1.534488,U,V2AOZE76OO3JULXMDZYJSK4L,2026-05-21T00:45:07
BF_215_2010,215,13.187917,-2.460092,R,43IN3F5BGIRA5JX4GWQ4Z2EJ,2026-05-21T00:45:08
BF_216_2010,216,13.175662,-2.16253,R,BPPJKAFEOPGF3G7EBSRCRMJQ,2026-05-21T00:45:09
BF_217_2010,217,12.336338,-1.539498,U,6VV4WFUPLDK3IXKLPIJKAVVC,2026-05-21T00:45:09
BF_218_2010,218,12.406121,-0.223749,R,5AHRR5LQBZ6GQ45OMV7W2WGY,2026-05-21T00:45:10
BF_219_2010,219,12.176315,0.039373,R,OLFJRBCZZ3Y3YAWXBOOHPK4N,2026-05-21T00:45:10
BF_220_2010,220,12.066177,-1.336282,U,T56GDTHLE3QL3KRVOLI3XP7T,2026-05-21T00:45:10
BF_221_2010,221,12.024756,-0.412127,R,RN4CGCYJPAAY7H3BUUPNSV56,2026-05-21T00:45:11
BF_222_2010,222,12.167073,-1.76066,R,4VIQXGO6ETSSOTUOXRWIBITK,2026-05-21T00:45:11
BF_223_2010,223,13.335592,-1.752544,R,TTDKNFT5SVEJYNWA3UXEOF65,2026-05-21T00:45:12
BF_224_2010,224,12.35655,-1.479553,U,4MGREKUEOEYMNZ2D5JINK5DM,2026-05-21T00:45:12
BF_225_2010,225,10.341592,-3.176775,U,WIYRYUDPWEN6KVMJO677FNEU,2026-05-21T00:45:12
BF_227_2010,227,12.250447,-0.612413,U,OZHOCYUHX45IWKPCN4LU25S5,2026-05-21T00:45:13
BF_228_2010,228,12.409805,-1.728871,R,AQCT2T5UMYKJWLVYBUYHT53A,2026-05-21T00:45:13
BF_229_2010,229,11.402804,-1.827781,R,2IKRN2JUGGIJBAHHVR4AFAP6,2026-05-21T00:45:14
BF_230_2010,230,12.527945,1.957316,R,YZU3RZIK7OY7I5PTBHGEOF2E,2026-05-21T00:45:14
BF_231_2010,231,12.018881,-0.618729,R,7PTBTW6W5RBEUJSZ3MMDXIO5,2026-05-21T00:45:15
BF_232_2010,232,11.135916,0.812486,U,NJ3H4PBPCC6NH6DZOF6OAZBB,2026-05-21T00:45:15
BF_233_2010,233,12.630309,-1.243085,R,KMNDQOMBCCVYEQZM5R73DZVP,2026-05-21T00:45:17
BF_234_2010,234,12.153636,0.947181,R,VU7CW7ZS776ZRKFPADMSFIHI,2026-05-21T00:45:18
BF_236_2010,236,11.98325,-0.857254,R,VQ4IHDVI6SWE5CE33QGYQM3F,2026-05-21T00:45:18
BF_237_2010,237,12.581608,-1.617828,R,5VDHSLEOHJBAJH4PR2KUF4JJ,2026-05-21T00:45:19
BF_238_2010,238,13.219852,-4.069085,R,X5TJB6EANVCUKIZLNDSD5KDG,2026-05-21T00:45:19
BF_239_2010,239,12.256574,0.474969,R,FSII6XCXNQ3VQOIHQN47I3MU,2026-05-21T00:45:20
BF_240_2010,240,12.255899,-2.215199,R,22R46BLWKO3VAQV7QYGTCMHQ,2026-05-21T00:45:20
BF_241_2010,241,11.570141,-2.295623,R,EUSHAZIIE4QLYXJY5TDX5KRV,2026-05-21T00:45:20
BF_242_2010,242,12.330522,-1.505923,U,4YTAGX65TW2U23ARH3NUKYPD,2026-05-21T00:45:21
BF_243_2010,243,13.067199,-0.866215,R,WAX7NWRR6223KQ2IUFKV3S6G,2026-05-21T00:45:21
BF_244_2010,244,12.571583,-1.184056,R,YMOVAP5WO52QERTHABKXN2TE,2026-05-21T00:45:23
BF_245_2010,245,11.083785,-4.171693,U,A5FRV5IAYISQVY72NULCAVG5,2026-05-21T00:45:23
BF_246_2010,246,12.649738,-2.824933,R,2PJX5CTO3SOT2OQ24JFD6MXX,2026-05-21T00:45:23
BF_247_2010,247,11.705221,-4.749727,R,EDCY3ZKCKF4WGEYV4DGKKB7M,2026-05-21T00:45:24
BF_248_2010,248,12.696637,-0.576731,U,LJ3TERA5APJHSP3PRL4LZZA2,2026-05-21T00:45:37
BF_250_2010,250,14.103481,-1.635558,U,QK5SPR75DQ4KCRNEFHW2ZNGI,2026-05-21T00:45:38
BF_251_2010,251,12.350126,-1.534792,U,BTASBN76VSWJAFCE3OH7OYIU,2026-05-21T00:45:38
BF_252_2010,252,10.278513,-4.937957,U,ST5TZXF6DNBWZ25BSCS7HRHT,2026-05-21T00:45:38
BF_253_2010,253,14.056807,0.385391,R,ZQQC6BMT2OU6ONBDBOZCXBRJ,2026-05-21T00:45:39
BF_254_2010,254,11.889054,1.536175,R,74XRR4EA5IC2IDLZX6XIZHXM,2026-05-21T00:45:39
BF_255_2010,255,13.485578,0.877341,R,IYIXGG3ELTW53BD6W47KDRNQ,2026-05-21T00:45:40
BF_256_2010,256,10.352165,-5.25122,R,Y7376ADAHSTO5FSQAGLXEWRF,2026-05-21T00:45:40
BF_257_2010,257,11.486577,-3.510565,U,DUICIFW6PUTIQMYEWEOKLQH3,2026-05-21T00:45:41
BF_258_2010,258,11.805563,1.934411,R,CXJKYUO5BX6IYSFNGAWRB6UT,2026-05-21T00:45:41
BF_259_2010,259,10.687213,-4.973695,R,LQVMCNTPIRLQ7NSODVYLUVA5,2026-05-21T00:45:42
BF_260_2010,260,12.363992,-1.591354,U,2PSR7D7DDW7CGFRF6JEGVOSB,2026-05-21T00:45:42
BF_261_2010,261,14.3247,-0.168271,R,AVK3P6JMG42WXE6QP36NX5KD,2026-05-21T00:45:43
BF_262_2010,262,12.093169,-3.300112,R,DOSPBLKSW75I6IOY2L6TCCP5,2026-05-21T00:45:43
BF_263_2010,263,12.637623,-4.403657,R,ENVDNRZ7FJNMN5XEBTVRGR27,2026-05-21T00:45:43
BF_264_2010,264,12.39463,-1.603977,U,TBM4RSYZRH5YOPX5UQXMV7XI,2026-05-21T00:45:44
BF_265_2010,265,13.066959,-3.064042,U,TFNNO6GL2LAAA5JN7A5RTOZ6,2026-05-21T00:45:45
BF_266_2010,266,11.895752,-0.287414,R,643CKFKZCYTEBVGUTDXQ2STG,2026-05-21T00:45:45
BF_267_2010,267,12.248691,-0.729696,R,SIJXY56IZWPQFO4UGDLBU7MO,2026-05-21T00:45:46
BF_268_2010,268,12.769532,0.186576,R,TVCJCCA52SBJ6IMYFUBEXWEY,2026-05-21T00:45:46
BF_269_2010,269,13.583236,-0.748984,R,FIXNO3CJLJSHQCZWZRU5FKVW,2026-05-21T00:45:47
BF_270_2010,270,13.204878,-2.36128,U,Z4QZPAI5PPIKLN4C3VXRRSG6,2026-05-21T00:45:48
BF_271_2010,271,12.592341,-1.294339,U,PF2H2JBECB2REKHJE4F7S3KX,2026-05-21T00:45:48
BF_272_2010,272,12.035015,-4.693205,R,TADJDDYFEJINXBYPUFADQB5D,2026-05-21T00:45:49
BF_273_2010,273,11.536316,-1.205698,R,MPGGIRWYS3UGCFDE6AYBYYPR,2026-05-21T00:45:49
BF_274_2010,274,12.004076,-0.851235,R,NJFE6UWPVSTLGPJEWGCSBMID,2026-05-21T00:45:50
BF_275_2010,275,13.677582,-1.894983,R,B3JMYWYBTBKOXMGOKMG6AHKF,2026-05-21T00:45:51
BF_276_2010,276,14.86258,-0.085602,R,W2NCPIQXJZ37X6PUGXPQQCUC,2026-05-21T00:45:52
BF_277_2010,277,14.026053,-0.809787,R,SR6DXS6X3Z6M5AYVZFXHAYXI,2026-05-21T00:45:52
BF_278_2010,278,12.287575,-1.707113,R,ZW2DZFSQ3GOYJREQ3TFLQ6TL,2026-05-21T00:45:52
BF_279_2010,279,11.964821,-0.24321,R,6TUSK2HEY6LFZHUAXCZKG7AJ,2026-05-21T00:45:53
BF_280_2010,280,12.640038,-1.758769,R,HYLHRS4HPXP6ZUKTSKUWOLE7,2026-05-21T00:45:53
BF_281_2010,281,11.357603,-2.577427,R,OMDI7QIO6QASHQUA4V4VXP6U,2026-05-21T00:45:54
BF_282_2010,282,12.998236,0.086903,R,YBGZ4FCZCFJVGIGUFAX7XHAT,2026-05-21T00:45:54
BF_283_2010,283,12.075729,-3.956852,R,D3LKVI2RBYH4XIYXMJ5TK5KB,2026-05-21T00:45:55
BF_284_2010,284,12.811473,-1.73325,R,RDM7FJWHYTRSLKFAPXZJTMF4,2026-05-21T00:45:56
BF_285_2010,285,11.897956,-0.054754,R,FRSZAEZLOZFOGGHIT7TNGKYV,2026-05-21T00:45:56
BF_286_2010,286,10.831734,-4.965174,R,LZCGJD3JY7TXTMZKBJ6WCJ7S,2026-05-21T00:45:56
BF_287_2010,287,13.403679,-0.358046,R,5HJFUXPEYLNMLJQDWPJJ27TX,2026-05-21T00:45:57
BF_288_2010,288,10.622802,-4.761261,U,UNWH4HYRE5LDWEPGKNAHXETJ,2026-05-21T00:45:58
BF_289_2010,289,11.707415,-4.522043,R,KBZOH2RN6Q37C4ZWBUYPNS2I,2026-05-21T00:45:59
BF_290_2010,290,12.186145,-2.120924,R,ELQNQAA7XRAJNYNDJHDRDAPD,2026-05-21T00:45:59
BF_291_2010,291,13.343137,-2.625607,R,3MHTQVIZBQZZ7DNB7SAGRTBE,2026-05-21T00:45:59
BF_292_2010,292,10.208403,-4.429914,R,E3K23TED6GTB7WGRB2UZ4MNR,2026-05-21T00:46:00
BF_293_2010,293,13.639216,-0.814314,R,J6Y7R7UUIU5DZUO36GL6QIAG,2026-05-21T00:46:00
BF_294_2010,294,12.371961,-1.559358,U,ZDAMCZUGZ3FDFCQSCE5PH4CH,2026-05-21T00:46:01
BF_295_2010,295,13.186471,-1.651498,R,4AKJILTCDJFNQ77RUVQC47X3,2026-05-21T00:46:01
BF_296_2010,296,12.128236,-0.514795,R,AIM3U6D6XN3JTQOX6C2NZIHW,2026-05-21T00:46:02
BF_297_2010,297,12.282994,-1.36911,R,2YFLY2SSTWKG62RS7KPRVNEF,2026-05-21T00:46:02
BF_298_2010,298,12.694398,-2.192762,R,RQFHNE6HFDFHW7CBQUKDJBZB,2026-05-21T00:46:03
BF_299_2010,299,12.455299,-2.38093,R,KL26FAL6RQ5GEBISXIB26GVH,2026-05-21T00:46:04
BF_300_2010,300,12.220476,-0.427937,U,SKIVOTO4QHLIDVOWMO3D2HV2,2026-05-21T00:46:04
BF_301_2010,301,12.78981,-2.254775,R,UQFGZFWMNOH4JZQKQJG64LIM,2026-05-21T00:46:04
BF_302_2010,302,13.092391,-0.077645,R,V3P7EWB7JZBIOEFFOQCMT5N5,2026-05-21T00:46:05
BF_303_2010,303,9.941013,-4.296581,R,YD5NRGDH6LJ3CQIPDK3TYNNY,2026-05-21T00:46:05
BF_304_2010,304,13.258969,-2.564167,R,QXYMAMRG36JGTHVUMJN7VY6S,2026-05-21T00:46:06
BF_306_2010,306,11.177353,-1.138236,U,TFMAWR6VG5IL4SMELZWMXS3A,2026-05-21T00:46:06
BF_307_2010,307,11.183358,-0.56968,R,4EWHPAIGZZQNG3UEOYVRUGOM,2026-05-21T00:46:07
BF_308_2010,308,12.592799,-1.503142,R,WCSWULPPDZOBLKA4Y23TEF4T,2026-05-21T00:46:08
BF_309_2010,309,11.195789,-4.272029,U,YSHUEI5DGCO244JCVNHE64XZ,2026-05-21T00:46:08
BF_310_2010,310,11.79052,-0.569196,U,3NASMZUZOJFQTU77A63OQJZG,2026-05-21T00:46:09
BF_311_2010,311,10.813428,-4.163601,R,SES2Y7XCJ263AZXWS3QN6FBH,2026-05-21T00:46:09
BF_312_2010,312,11.320427,-0.583526,R,K7G6LAQTUQ2XMJVOUYO6MYAC,2026-05-21T00:46:09
BF_313_2010,313,12.258216,-0.419454,U,NR72JXDMWK4VZMHI7QUX4FVC,2026-05-21T00:46:10
BF_314_2010,314,12.970648,-0.151621,U,I24XJASU75CCFDSU2WTIUOYE,2026-05-21T00:46:10
BF_315_2010,315,12.700375,-1.247436,R,7X6KAXMEBILFXL3AWFSPVX5U,2026-05-21T00:46:11
BF_316_2010,316,11.956882,-0.192195,R,GXWHGXNGEJXTM5EQATS5WGLL,2026-05-21T00:46:11
BF_317_2010,317,13.3188,-2.065677,R,HIP27HFJO2QKSIW3VJW27MAN,2026-05-21T00:46:11
BF_318_2010,318,12.826217,-0.814767,R,TC7JQH4CBOREJMHC36Z57SQI,2026-05-21T00:46:12
BF_319_2010,319,13.585495,-2.422848,U,OMEVFHFMYFDA5QU53YWQYJ4E,2026-05-21T00:46:12
BF_320_2010,320,11.254255,0.033555,R,JCLIWQSJRSD3BDPTGY5CTV5D,2026-05-21T00:46:12
BF_321_2010,321,13.589034,-2.412792,U,2MHP7ZQNNDEMOMMA7HZCVUV3,2026-05-21T00:46:13
BF_322_2010,322,12.251216,-2.434317,R,RKQXAL4T3UMUBG3GDV5YTOBN,2026-05-21T00:46:13
BF_323_2010,323,11.744314,-4.854744,R,GHCUOUNTXTILVROJSRJ35PZH,2026-05-21T00:46:13
BF_324_2010,324,13.677286,-0.039002,R,QWI3GTMSMM5ZMSWRQCXZWZ7K,2026-05-21T00:46:14
BF_325_2010,325,12.980585,-2.266667,U,CG5L3BEIGEL2J5XNTCYOTP35,2026-05-21T00:46:18
BF_327_2010,327,13.352234,-1.507429,U,Q4NKQXFAYWJW5DLYR3YF3TLA,2026-05-21T00:46:19
BF_328_2010,328,14.186279,-0.11178,R,6NDFGKN7OLEMDGGZH6EJFSPM,2026-05-21T00:46:19
BF_329_2010,329,12.242809,-2.352423,U,X3OOQFEZZ7H6UCRWON7MZ3AD,2026-05-21T00:46:20
BF_330_2010,330,12.298073,-0.803843,R,ARZRWFFOTDAY3JZYAXQZXX5Q,2026-05-21T00:46:20
BF_331_2010,331,12.536829,-2.844209,R,LYYL4RXMK5U2IWXUDXOA6YRK,2026-05-21T00:46:20
BF_332_2010,332,12.902262,0.903381,R,6S5YNXTQKRFAWRGHVN3PF2RR,2026-05-21T00:46:21
BF_333_2010,333,12.386395,-1.509997,U,6Z54MSZXNU3TE43Y6DMGUSQ2,2026-05-21T00:46:22
BF_334_2010,334,14.441221,-0.909232,R,CQQBNMQNN7ZQOH2GLWGXXXKM,2026-05-21T00:46:24
BF_335_2010,335,13.559858,-2.428512,U,Q3YSFBMHZCF4FQYWNPMHKAG6,2026-05-21T00:46:25
BF_336_2010,336,11.166761,-4.256561,U,25OFSVI7LRWSYYDGNMD6DLB2,2026-05-21T00:46:26
BF_337_2010,337,12.143725,-1.030671,R,ZWHTWEOGLD7BTRKFC4Y4YYXY,2026-05-21T00:46:28
BF_339_2010,339,12.162735,-1.589641,R,3OT7VN4MTOXFWUWM4S3ANSBM,2026-05-21T00:46:29
BF_340_2010,340,13.186778,-1.297805,R,ANO6VDDUL2N72F5ZFDOQTQVU,2026-05-21T00:46:30
BF_341_2010,341,11.57336,-2.411846,R,R45HNG2UOJMGUE2MPFNEIWYO,2026-05-21T00:46:31
BF_342_2010,342,12.262432,-1.390303,R,SLMCC7DDWKU2X3H3BZPDZZTO,2026-05-21T00:46:34
BF_343_2010,343,12.543533,-1.399779,R,NFGKNJCTPNTNXU36WKTFKIWJ,2026-05-21T00:46:35
BF_344_2010,344,11.509698,-0.777703,R,OTZXGN2F4FUFAYNJWRNR4CGM,2026-05-21T00:46:36
BF_345_2010,345,11.790649,1.731936,R,DE7DT5ETVZFU5EGY4QDUPRRP,2026-05-21T00:46:36
BF_346_2010,346,12.25698,-0.388755,U,UAP7WU45AOHIGNYJSXHQXBE6,2026-05-21T00:46:37
BF_347_2010,347,10.257082,-4.381896,R,3FYCKINAWO7TGASJ4SLH6JTZ,2026-05-21T00:46:38
BF_348_2010,348,12.528956,-1.196978,R,UT2XTEI7VWWLZOY54ISC63LW,2026-05-21T00:46:39
BF_349_2010,349,13.813147,0.304598,R,WROXFTFKG4C7CDXSTYHNNOIR,2026-05-21T00:46:39
BF_350_2010,350,13.208367,-3.965377,R,Q5KFUPRVN425CSQB74KDSGOU,2026-05-21T00:46:40
BF_351_2010,351,11.695652,-1.074779,U,VFTGJZAEL2Z3WGIG67NV4MVF,2026-05-21T00:46:41
BF_352_2010,352,10.634532,-4.766649,U,ULKX5BED7SVMI3OE4TFO4SFR,2026-05-21T00:46:41
BF_353_2010,353,12.448398,-1.67997,R,XNTG3YLZ34HFT5JYLXJMU7QR,2026-05-21T00:46:42
BF_354_2010,354,12.388334,-1.533248,U,KSFGZKY533YP3ABAR62WM2SU,2026-05-21T00:46:43
BF_355_2010,355,12.171251,-2.065187,R,NCPTN6PP5XK7DXXMCYFJMMAC,2026-05-21T00:46:43
BF_356_2010,356,11.73321,-1.086044,R,Y3AUZWJHO65UMYXXWT3YKRMN,2026-05-21T00:46:44
BF_357_2010,357,14.148024,-1.613362,U,BD36CQVC62AAEF2CEE6WGK4E,2026-05-21T00:46:45
BF_358_2010,358,12.725299,-3.872171,U,YA6NIRI5OUXJMDQJQ5MPJWA4,2026-05-21T00:46:45
BF_359_2010,359,10.736951,-5.426079,R,IA7KVMRDFBZ4QVFDDRYP2IUC,2026-05-21T00:46:50
BF_360_2010,360,11.485226,-4.081632,R,QWXQXHUGYSF3ZHL46KII2X5D,2026-05-21T00:46:50
BF_361_2010,361,12.694627,-2.711821,R,F4MGJYQG5UZC3FTAHPTEFUY2,2026-05-21T00:46:51
BF_362_2010,362,11.242751,-2.955866,R,VL7PNGZANMY5Q4WEPIM64YYQ,2026-05-21T00:46:51
BF_363_2010,363,12.618552,-0.36644,R,H6PD4SMJ7KNAMWY6VCPR27MV,2026-05-21T00:46:52
BF_364_2010,364,12.249381,-2.365934,U,WOZCBG554CLFTFGJG3FLBLPE,2026-05-21T00:46:53
BF_365_2010,365,10.131662,-3.557605,R,QWULXAOEARPN37VSU56LGTGA,2026-05-21T00:46:53
BF_366_2010,366,11.993644,-2.365346,R,56L5IQ4G6Z4E3LD4LBSE234A,2026-05-21T00:46:53
BF_367_2010,367,13.741685,-1.581624,R,6AW3QDEMAHXEYAXFH3KQARCO,2026-05-21T00:46:54
BF_368_2010,368,12.646917,-3.46229,U,HT7H2J243RBZCN6KXFPNDYOQ,2026-05-21T00:46:54
BF_369_2010,369,13.551302,-2.434445,U,URDJRF6IFIXI6DXYHD4MH6AN,2026-05-21T00:46:54
BF_370_2010,370,13.875668,-0.173358,R,PZXPWDO3IIQV7B3PTHFB345J,2026-05-21T00:46:55
BF_371_2010,371,13.816515,-1.380891,R,CHVLNCMQLR434OTO5KAKKUXN,2026-05-21T00:46:56
BF_372_2010,372,12.447015,0.181769,R,QIG4BNLNXL7BWVQQML26PHPF,2026-05-21T00:46:56
BF_373_2010,373,13.058062,-1.100752,U,WAB5Z45LUM2TE7LNFGF3OJPK,2026-05-21T00:46:57
BF_374_2010,374,11.379064,-0.697035,R,UYRLIVLX3SD4YSRVWTFB3OFL,2026-05-21T00:46:57
BF_375_2010,375,11.043703,-2.999686,R,UCW6XKALNTAFIDKG6CS5DUQM,2026-05-21T00:46:58
BF_376_2010,376,11.251857,-2.949807,R,UF6Y2BY7LC36GKP2BP4YIOSV,2026-05-21T00:46:59
BF_377_2010,377,13.047005,0.882009,R,K5XZVFW2KUUOGX3SF2I6XWIY,2026-05-21T00:46:59
BF_378_2010,378,11.461389,-2.208486,R,KVHYQWKZIFKCGFK4GWZQBFC3,2026-05-21T00:47:00
BF_379_2010,379,14.22643,-1.974221,R,LIDLJEKRCPQG3G2WNH7L6NKX,2026-05-21T00:47:01
BF_380_2010,380,12.398234,-1.535658,U,GZOC552RH32H7KAPDMJ3OQ5N,2026-05-21T00:47:01
BF_381_2010,381,12.551232,-1.845569,R,XBWDTGCL5QQRY3PXZENTJGEL,2026-05-21T00:47:01
BF_382_2010,382,12.790929,-3.957439,R,A42IXZ3B76ZWPR34UFICAIKC,2026-05-21T00:47:02
BF_383_2010,383,10.355025,-5.238054,R,VVKDTGTHJNECITXSW7SFSFLA,2026-05-21T00:47:02
BF_384_2010,384,12.389685,-1.564216,U,HEDPVUF6SXL7W7IJXOBMEATP,2026-05-21T00:47:02
BF_385_2010,385,11.842767,-3.821941,R,REANO7K3GKP2XEFGZOSYTPPB,2026-05-21T00:47:03
BF_386_2010,386,12.353514,-1.528535,U,QDH5DLDIF7VB7WOI6WSRI7U5,2026-05-21T00:47:04
BF_387_2010,387,11.867146,-4.051348,R,4GYY343CSY6OAM3ZS7F6WYF4,2026-05-21T00:47:04
BF_388_2010,388,13.329245,0.122144,R,2SSX26QKKEVVY3UMQRC4RHUC,2026-05-21T00:47:05
BF_389_2010,389,11.363419,-4.535198,R,YIJHRRZ2VCLHQMWGZWW5OSJB,2026-05-21T00:47:06
BF_390_2010,390,10.114581,-4.862984,R,CFVEJACGY4BFSVMWX5V65VHE,2026-05-21T00:47:06
BF_391_2010,391,10.63046,-4.769694,U,PCJKKUMN2GGVNSDIUR3N3VGS,2026-05-21T00:47:07
BF_392_2010,392,12.373944,-2.355207,R,F4LNFL3BNHCYRJSLHPDKV7WO,2026-05-21T00:47:11
BF_393_2010,393,12.2486,-2.350059,U,QIJKQYZPD3I3YYFAOKAS7Z6V,2026-05-21T00:47:11
BF_394_2010,394,12.001358,-1.659332,R,HJBYAAG65IZXWZB3NBANIJR6,2026-05-21T00:47:12
BF_396_2010,396,12.068658,-1.332025,U,XFQJB3WR3AV6HUK5WKZRQH74,2026-05-21T00:47:12
BF_397_2010,397,12.137764,-1.883106,R,OS3KF33ARPBCGCOC5KJN54L6,2026-05-21T00:47:12
BF_398_2010,398,14.561391,0.143704,R,36DJFHBEECOFQDUHFKETGBYB,2026-05-21T00:47:13
BF_399_2010,399,11.66976,-3.273259,R,5UGPYZP5TOPB2RWNKQVO4EVE,2026-05-21T00:47:13
BF_401_2010,401,12.967085,-1.827607,R,GL2ZN4GCQA7VCQALXFFDHMJC,2026-05-21T00:47:13
BF_402_2010,402,11.876435,-4.460287,R,2JE2LWCAXG6QPPBT6MPYOLR4,2026-05-21T00:47:14
BF_403_2010,403,12.01625,-4.41694,R,3SKIIZE33BL36N4NMM2GY26B,2026-05-21T00:47:14
BF_404_2010,404,13.589477,-2.492574,R,ONS7ULJDL3E2WD75SRUIFOFV,2026-05-21T00:47:14
BF_405_2010,405,12.223548,-2.59515,R,46XSQULUGSM535J6YGBVUXPU,2026-05-21T00:47:15
BF_406_2010,406,13.996508,-0.029125,U,QCAF3NFPKSR2TFDTYPEN5326,2026-05-21T00:47:16
BF_407_2010,407,11.854049,-5.142638,R,QBQWAPM6KQPSNHJQZNX5HDV5,2026-05-21T00:47:16
BF_408_2010,408,12.064353,0.374299,U,MH7RYOJ73KR4IYDMWZBC5HCL,2026-05-21T00:47:16
BF_409_2010,409,13.38249,-0.746998,R,WDGOMU2LIKUI3LGCJGUXEY7T,2026-05-21T00:47:17
BF_410_2010,410,11.406172,1.196131,R,AAEFSEBGJ4LH4JVOKYKB3HRN,2026-05-21T00:47:17
BF_411_2010,411,11.14347,-3.080345,U,DFYSK6CGZLWP5KUMLIP4UDQJ,2026-05-21T00:47:18
BF_412_2010,412,12.585965,-1.298363,U,TR2HC4NNQAXWKIT2HF2DLEZB,2026-05-21T00:47:18
BF_413_2010,413,11.502567,-3.681633,R,35WPMYGTNRHQIL2COSZIPYR6,2026-05-21T00:47:18
BF_414_2010,414,11.112584,-0.955268,R,ZEQIGPBEURSXRRGUMDVHZYD2,2026-05-21T00:47:19
BF_415_2010,415,13.647813,-2.566652,R,VSVDOMCNLTG7COS2HSQTM3QQ,2026-05-21T00:47:19
BF_416_2010,416,11.336221,-0.303226,R,5KNB2M54NCWCLCX6MF4626M7,2026-05-21T00:47:20
BF_417_2010,417,12.644875,-0.960014,R,BFQBVN6NVOMPLOPHLYG3XODC,2026-05-21T00:47:20
BF_419_2010,419,12.056538,0.350976,U,NIXMAKCBEM6ZVVOI523MXVFZ,2026-05-21T00:47:20
BF_420_2010,420,11.792843,-0.564856,U,IBCLK7DMMYYOGGNI4BNKPGT5,2026-05-21T00:47:21
BF_421_2010,421,11.554794,-1.775294,U,I6JXKET7XO3WRW4ZFTZ34TDZ,2026-05-21T00:47:21
BF_422_2010,422,10.32665,-3.183837,U,UGSFGSH523WYXAN7YUGZVOOA,2026-05-21T00:47:21
BF_423_2010,423,12.327382,-0.406964,R,XFK2PEJINOQSICP7RRT4CEJS,2026-05-21T00:47:22
BF_424_2010,424,13.083015,-1.834961,R,WT4WTWTAZVEQHIBRZ4M5T5FT,2026-05-21T00:47:22
BF_425_2010,425,11.190579,-1.997572,R,TKPKRFBIOBRKHM6F66HDJKPF,2026-05-21T00:47:22
BF_426_2010,426,11.697207,-0.344038,R,EAIGQLWY7FHBP3HKIN2DOHNJ,2026-05-21T00:47:23
BF_427_2010,427,11.426343,-1.381957,R,WDEUQ6GF2XXUBAM2TCBITI3N,2026-05-21T00:47:24
BF_428_2010,428,12.376286,-1.188023,R,TNVKC7MH7UASNY42ESJ3XJT5,2026-05-21T00:47:24
BF_429_2010,429,10.383653,-2.996743,R,UHVCAZJ6NTGQHF6QKVXPKNYV,2026-05-21T00:47:24
BF_430_2010,430,10.630398,-4.77645,U,NGFTHKPCIT5AMFVDB4APO5JW,2026-05-21T00:47:25
BF_431_2010,431,12.040925,-3.493428,R,RIKATVO3F6ECC3V42ER3XCLL,2026-05-21T00:47:26
BF_432_2010,432,11.191326,-4.282979,U,M763CKELXL5RXILHPLBNWOIW,2026-05-21T00:47:26
BF_433_2010,433,11.212238,-4.310824,U,CU4O4ZHTZNDFFJHIQ27Y2UU4,2026-05-21T00:47:26
BF_434_2010,434,11.102155,0.333343,R,P3YZOU34YDRSXOPN4XBHKVPX,2026-05-21T00:47:27
BF_435_2010,435,11.120297,-0.594341,R,H5DEPXJSWWSTXFKLLLFARLJW,2026-05-21T00:47:28
BF_436_2010,436,10.442183,-3.334234,R,PU5J4WIIKUOQQK2ZQCPR7K34,2026-05-21T00:47:28
BF_437_2010,437,13.993405,-2.308109,R,US6L3NDR7WQJYVXYNPNCLF6M,2026-05-21T00:47:28
BF_438_2010,438,13.093646,-0.364929,R,EBNHLLFSDIUJOPFSNS4CJN5E,2026-05-21T00:47:29
BF_440_2010,440,10.545021,-5.273976,R,S2RJW4EYSXTT3KST3DFZAI47,2026-05-21T00:47:30
BF_441_2010,441,12.76901,-1.27265,R,7OD6AZQPP4NNL6XW65UFK376,2026-05-21T00:47:30
BF_442_2010,442,12.46464,-0.110424,R,XJDTTQAKOTQFQECEUPYVJBO3,2026-05-21T00:47:30
BF_443_2010,443,13.721992,-2.21199,R,T6H7MG24Y6CBOUWD22X63M2K,2026-05-21T00:47:31
BF_444_2010,444,13.851204,-1.179064,R,PFCIXBGCKSOHTU2TLYMG2RW7,2026-05-21T00:47:31
BF_445_2010,445,11.159127,-4.295897,U,IHA5WOHWH44W2CEDH3GTGC3Y,2026-05-21T00:47:31
BF_446_2010,446,12.601785,-0.192544,R,4BE6QWDBGEXEWTF77CN5GHZA,2026-05-21T00:47:48
BF_447_2010,447,14.452468,-0.245032,U,XGVKHGBZSCULWSFAIC4RW4Q5,2026-05-21T00:48:04
BF_448_2010,448,12.713106,-2.488405,R,BHUTPQIUN7XXLRH6NGLELG3K,2026-05-21T00:48:05
BF_449_2010,449,10.881251,-2.930968,R,DHVP6HRO2CL5HCBEBKRFRWTM,2026-05-21T00:48:51
BF_450_2010,450,10.347889,-4.337852,R,ATQGLYVEEJV6SVLLXEU7IOXX,2026-05-21T00:48:51
BF_451_2010,451,10.624337,-4.756476,U,IOJHFH74Q7GMUEIGXZONXBTR,2026-05-21T00:50:37
BF_452_2010,452,10.974218,-4.876232,U,NISJ7GNWDCYQRERE7ROH67YY,2026-05-21T00:50:38
BF_453_2010,453,13.2836,-3.258388,R,U3EJIB3QLSC2VDAGQODL2NBH,2026-05-21T00:50:38
BF_454_2010,454,13.519701,-2.620155,R,5HLMCBQ2ENK3EVGPUR3OSGZR,2026-05-21T00:50:39
BF_456_2010,456,9.954858,-2.794257,R,D32MLIQHH72ZO7JD55KNT6QZ,2026-05-21T00:50:39
BF_457_2010,457,12.860724,0.326522,R,32OEEQXWVPAQA4JI2ZHYVDX3,2026-05-21T00:50:40
BF_458_2010,458,11.097515,0.731167,R,QEEHL2EVDLKUJ4TLEBNS3LT4,2026-05-21T00:51:27
BF_459_2010,459,11.397592,-2.942768,R,IQ7N4O3WZ47H36DIO3AEZSCL,2026-05-21T00:52:13
BF_460_2010,460,12.592017,-3.945122,R,Q4OOLPSFNEFMA37NERL2J3WP,2026-05-21T00:52:13
BF_461_2010,461,12.330987,-1.478994,U,NRTAPFFEPAGROV2AQ2GA2VYZ,2026-05-21T00:52:30
BF_462_2010,462,11.243352,-2.958814,R,3X2XBJIM4NHTXPPSEKFSWRN5,2026-05-21T00:52:30
BF_463_2010,463,11.452243,-2.790469,U,JEMRTDGVWHQM45YXYA7TPOUM,2026-05-21T00:53:16
BF_464_2010,464,13.167687,-0.814886,R,WMJQ4SRZZZEXYJYW5ZYJOXTF,2026-05-21T00:53:17
BF_465_2010,465,13.07033,-3.559745,R,OX2RHZSC6D3Z4OGW6VJEUTEF,2026-05-21T00:53:17
BF_466_2010,466,11.752847,-0.764124,R,DJMKTZPSSJCKZH3KTML7B7P5,2026-05-21T00:53:33
BF_467_2010,467,11.363892,-0.293475,R,PEP7TS5OKOUVLAVEJTDNH3XX,2026-05-21T00:54:19
BF_468_2010,468,11.442055,-2.786123,R,QLV3YQEUBMAITCUQVH4FDXUJ,2026-05-21T00:54:20
BF_469_2010,469,12.391638,-1.462193,U,XIO76FNFUA4FOGL6L6MIPEEZ,2026-05-21T00:54:35
BF_470_2010,470,13.373278,-2.131278,R,FWJSJ34AYLRMLFO56DC65TWJ,2026-05-21T00:55:22
BF_471_2010,471,11.204415,-4.297611,U,DQPP35GRSVBOTLYLORXUD4CK,2026-05-21T00:55:38
BF_472_2010,472,12.934387,-2.620625,R,GEJXQ3Y4IDUSRIEFZCYJQ5NQ,2026-05-21T00:55:54
BF_473_2010,473,13.070604,-1.096355,U,5X3YGRRAP6PDCFWXLGEFEQFV,2026-05-21T00:56:10
BF_474_2010,474,10.74851,-4.094118,R,55BNGG72KF4LPSLBZKENXHW6,2026-05-21T00:56:56
BF_475_2010,475,11.870668,-2.942567,R,MTVG5EQONNN55PGGS5DL5WJB,2026-05-21T00:57:43
BF_476_2010,476,13.569918,-1.893305,R,TM2RJX6RQUCBK62PCZ4IHC5I,2026-05-21T00:57:44
BF_477_2010,477,11.654884,-1.075718,U,LAEE6VVLWRRJ2C43XS4G3TQI,2026-05-21T00:58:00
BF_478_2010,478,10.513599,-4.822247,R,MAUURGVG5WNRADVRXBMPQIAT,2026-05-21T00:58:16
BF_479_2010,479,13.095385,-1.090788,U,6CLNRMYA4ACXGSG3DTMBXAGY,2026-05-21T00:58:16
BF_480_2010,480,12.744098,-3.859142,U,CLUXBUKYZTWFFGC5GY4LMS2M,2026-05-21T00:58:33
BF_481_2010,481,12.251192,-1.581051,R,SVYXZVRN6V5JL5WFLRE7U7YR,2026-05-21T00:58:34
BF_482_2010,482,12.783068,-0.610924,R,H55YH26USSYMLKFCVPCFXZ5C,2026-05-21T00:59:21
BF_483_2010,483,12.839418,-1.067768,R,CEWXIVW5PV6IH2ZYKV63J7R3,2026-05-21T00:59:22
BF_484_2010,484,13.752523,-2.346876,R,AVJWA27T2PFOIMP6GXYMR2QR,2026-05-21T01:00:10
BF_485_2010,485,11.771479,-0.655307,R,EIW3UNXUIDCQ3W5Y6NX6GWUM,2026-05-21T01:00:57
BF_486_2010,486,12.186343,-4.08901,U,B6T7YL3IKKHCGX7AS3GZUKLT,2026-05-21T01:01:43
BF_487_2010,487,11.130743,-4.437887,R,L2CQKKN2ATWLSAOEOTOVA4XH,2026-05-21T01:01:59
BF_488_2010,488,12.079416,1.789295,U,SVQK5UKPPN3IZXQO7HCYQAB6,2026-05-21T01:03:47
BF_489_2010,489,12.175871,-0.356797,U,5HIAG7PXGIYC6SOPELKZPYR3,2026-05-21T01:03:48
BF_490_2010,490,13.538765,0.679458,R,V5I4PKOCCHYSRHHN4WBLPUDT,2026-05-21T01:03:48
BF_491_2010,491,12.175888,-1.226494,R,QNMR74DKWCGNK3VFI4T2F27Q,2026-05-21T01:03:49
BF_492_2010,492,12.940374,0.381428,R,24WCLBTMGQAHJT36VMVE24BD,2026-05-21T01:05:37
BF_493_2010,493,11.087771,-2.10359,U,5JDI62ME4Y54JWMO2FJHGXIW,2026-05-21T01:05:38
BF_494_2010,494,13.273035,0.712112,R,D5MOXGDM47DVCN452QDLJSUN,2026-05-21T01:05:39
BF_495_2010,495,11.238611,-4.274214,U,4C5JEUVHKM7LTOGKQGLXUIIC,2026-05-21T01:05:55
BF_496_2010,496,14.536416,-0.459484,R,EW2WY4WGIP7UOMS622JJ4LBO,2026-05-21T01:06:11
BF_497_2010,497,11.189195,-4.318553,U,47ONS5QWV7TFTE2X6IZSNUFZ,2026-05-21T01:06:28
BF_498_2010,498,11.578485,0.105907,R,ISG3EMPEQFMJ5GOJSDGNIZ35,2026-05-21T01:07:15
BF_499_2010,499,11.363397,-2.384303,R,WKAWS7FBPRD227JMHRNFYQAG,2026-05-21T01:07:16
BF_500_2010,500,13.006654,-1.345063,R,D3YHJNWFXEF5TDXXUCZ6KAHB,2026-05-21T01:07:32
BF_501_2010,501,11.159782,-0.215948,R,ECZ6XFCOTLESMYCWK4BCNEAB,2026-05-21T01:07:48
BF_502_2010,502,12.387581,-1.528822,U,LSWIYNA5KRRRNPLXO372HYE5,2026-05-21T01:08:04
BF_503_2010,503,11.167405,-4.286782,U,RIXLYNUWYWEVHYDJGVRBSP23,2026-05-21T01:09:51
BF_504_2010,504,13.190095,-1.035312,R,U3R7XZTZON7ZWQFSRQQFRRYD,2026-05-21T01:09:51
BF_506_2010,506,12.34753,-1.493396,U,RWLOCRAU4B67Y5MRPKOQJZNY,2026-05-21T01:09:52
BF_507_2010,507,12.464283,1.50439,R,JZLVKC7ROXCX3ETB5XR367RZ,2026-05-21T01:09:52
BF_508_2010,508,10.674515,-4.255616,R,GAWM2WHUETGSPKLPEHWN5ZAX,2026-05-21T01:09:53
BF_509_2010,509,11.146319,-4.282809,U,LWQNHZGD23DSE7EZD6JOQLUR,2026-05-21T01:11:39
BF_510_2010,510,12.194297,-0.352792,U,EYAYAHFCFENZMSOLD7C2SURG,2026-05-21T01:11:40
BF_511_2010,511,11.83455,-0.693099,R,IJDSMIIOTVOHDJAE2S2N47IU,2026-05-21T01:11:40
BF_512_2010,512,13.091725,0.571657,R,TERQ3QZJUEN34ZMCWTYS7ZHK,2026-05-21T01:11:40
BF_513_2010,513,14.043953,-0.030608,U,JKKQJZT7PFVQTUGH4WJ2ID2Y,2026-05-21T01:12:27
BF_514_2010,514,13.583976,-2.425593,U,ALSZRUURT3HP65XL2FGCHTIK,2026-05-21T01:12:44
BF_515_2010,515,10.994097,-5.218124,R,CH7H7UYHTEVLE4M4V4JRCZ6D,2026-05-21T01:13:31
BF_516_2010,516,12.109647,-1.040344,R,N7KXP2MLT3VAWOMYWCQEKCCL,2026-05-21T01:13:31
BF_517_2010,517,11.186177,-4.307324,U,4YXARKXBIMFSBYDQN7PMQ6MF,2026-05-21T01:14:18
BF_518_2010,518,12.037012,0.740057,R,FMDBK4RSWGNY4XCXE3QCDW6X,2026-05-21T01:14:19
BF_519_2010,519,12.613016,-0.977535,R,TKHIIPWDBO4LAJZZ76N7RJR2,2026-05-21T01:14:36
BF_520_2010,520,12.081043,-0.51103,R,WBEC56SPMRNJKD7BEISY6G6Y,2026-05-21T01:15:23
BF_521_2010,521,10.007018,-3.627285,R,MPCFFNOKCSML2P47YP4ERWY4,2026-05-21T01:15:24
BF_522_2010,522,11.952109,-0.872154,R,O4Q2BUPZFZ5DC5I4SPMOFLOG,2026-05-21T01:15:25
BF_523_2010,523,13.206254,-1.911657,R,ZOTP2JSM2KB2SZO3LA4MN2GD,2026-05-21T01:15:26
BF_524_2010,524,13.351798,-1.535403,U,5DZYWVWWXNYLIWXJMO26OKMR,2026-05-21T01:15:27
BF_525_2010,525,12.355897,-1.492926,U,B5SCZLHZJDU4XOIYFFEZNJWT,2026-05-21T01:16:14
BF_526_2010,526,13.630751,-1.516146,R,WGUAZAHW35BPGQ2JKTR57XK7,2026-05-21T01:16:30
BF_527_2010,527,12.329422,-1.590936,U,WJOQWY6DPAUB22NY4RGDVDNO,2026-05-21T01:16:46
BF_528_2010,528,12.393336,-1.559205,U,4KSM7YIZBDQB7CCCJL5IIHC4,2026-05-21T01:17:33
BF_529_2010,529,13.231,-1.113614,R,RIQ6O5GWLEYXUFLAZIXKXJYU,2026-05-21T01:17:33
BF_530_2010,530,13.444699,-1.956942,R,GY3DADO7HYUBNLY2M7XXK2JD,2026-05-21T01:17:34
BF_531_2010,531,12.141927,-1.299773,R,7SPJL37HEZJN7JEZYT75B7DK,2026-05-21T01:17:34
BF_532_2010,532,10.464185,-4.791334,R,UROE5IIA5HYIUUGJJPMJPN22,2026-05-21T01:18:22
BF_533_2010,533,10.456592,-4.003386,R,UB6YY2XKQ7Q4PX2YPNGKVQLR,2026-05-21T01:19:08
BF_534_2010,534,13.092011,-1.066619,U,34GCOEIHFWRWGHCEGW4HPBQD,2026-05-21T01:19:24
BF_536_2010,536,12.310702,-1.524812,U,25SKRBT3QW3QE4BRNWSHYSUC,2026-05-21T01:19:25
BF_538_2010,538,12.255739,-0.614247,U,ASTS5BEGXS5Q3SSSNGZZTN3A,2026-05-21T01:19:26
BF_539_2010,539,11.502119,-0.348968,R,XHQ437Z52RAUX73W6LGATAPG,2026-05-21T01:20:12
BF_541_2010,541,13.63903,-1.10899,R,3UAULYD5EIBTLU43QG5ELEGO,2026-05-21T01:20:13
BF_542_2010,542,13.496408,-1.263175,R,LYY6GBNHDNHTMHMIJZ2UQOAK,2026-05-21T01:20:30
BF_543_2010,543,10.64108,-5.167399,U,O2ZXMJIP4FKXU6DLSYEOMWVK,2026-05-21T01:20:30
BF_544_2010,544,12.370724,-4.019519,R,YWC7F7TBFPL6FT3FKDBMYGTT,2026-05-21T01:22:19
BF_545_2010,545,11.16891,-1.146057,U,ZHGLYMJDAR52ORJR43EALD3S,2026-05-21T01:22:20
BF_546_2010,546,11.997972,-0.409835,R,CPHWC4LOBERT4FEOZSCTQYHS,2026-05-21T01:22:36
BF_548_2010,548,12.58782,-2.366276,R,LX7OUDG4TZGH7IX6OHPTSO7A,2026-05-21T01:22:53
BF_549_2010,549,14.033615,0.089241,R,ZKV7EHLIZHIQRPHGH4GDLSYK,2026-05-21T01:23:09
BF_550_2010,550,12.048887,0.36877,U,E73RSBG4ZYBUOBOAYBYUTER4,2026-05-21T01:23:56
BF_551_2010,551,13.06306,-2.62337,R,3RX3EOSLVV3XYCYLNSHCE662,2026-05-21T01:24:13
BF_552_2010,552,12.061484,-0.976936,R,QAH5MGE6CYBKIEHUIFEZMPWJ,2026-05-21T01:24:14
BF_553_2010,553,13.613753,-0.248096,R,LL3VWHCMTZUNFEZHVGTYV7GK,2026-05-21T01:24:30
BF_554_2010,554,13.435297,0.520293,U,UO72CJ6MV7AAVBCHXUXKRAJQ,2026-05-21T01:24:31
BF_555_2010,555,13.323784,-1.522191,U,AJRSHHGHNLRBJPJPZV64PCWO,2026-05-21T01:25:18
BF_557_2010,557,13.086207,-0.126676,R,Y5W4B677AJGZ6JTYM4XEWBMA,2026-05-21T01:25:19
BF_558_2010,558,11.080846,-0.861381,R,5GEJRAZCXPFTJ7QTAYVWJ2S7,2026-05-21T01:25:35
BF_559_2010,559,14.23567,-0.872926,R,J2Q2IC2S42HWTXRI2RUZONVJ,2026-05-21T01:26:22
BF_560_2010,560,12.24622,-2.398936,U,XCQQCSJR4NOJTNPOHSKGBBDK,2026-05-21T01:26:38
BF_561_2010,561,12.203002,-1.868547,R,H4FNJ576KE7ZRUPI3FWCFKNZ,2026-05-21T01:26:55
BF_562_2010,562,11.904467,-3.465519,R,3CATPZYOLHLSUDPT7ZNF5P73,2026-05-21T01:28:42
BF_563_2010,563,11.797401,-0.376584,U,GCKKIHQWAH4FKB2TICKPXZLT,2026-05-21T01:28:43
BF_564_2010,564,11.034025,-0.814666,R,JR534ND3PWRRHJTJFKU7BJCQ,2026-05-21T01:28:44
BF_565_2010,565,12.76446,-2.900882,U,V36UOHPFQCJUUZLX4NDSSWW7,2026-05-21T01:28:45
BF_566_2010,566,12.40378,-1.511805,U,2JJGHZF32CKWU765BE6RYBNM,2026-05-21T01:28:45
BF_567_2010,567,10.621843,-4.755031,U,JWHBTWHZ4CRU372RPWU4GEKO,2026-05-21T01:28:46
BF_568_2010,568,11.176953,-1.138362,U,236YOJROD5RPJF6ST5RODN6N,2026-05-21T01:29:33
BF_569_2010,569,11.689309,0.068627,R,ENPI57ZP2ZZU2TX3IWRUOPSG,2026-05-21T01:29:33
BF_570_2010,570,11.052767,-4.008397,R,INCAKCYUNCJ3TX3FRZPR5PRA,2026-05-21T01:29:34
BF_571_2010,571,11.402245,-3.334481,R,Z4ZV2VAJS5LQ4Z3AAH7LY4AQ,2026-05-21T01:29:35
BF_572_2010,572,10.626241,-4.760326,U,4KHI2GXJKRB5T4LBIFJZGZ5O,2026-05-21T01:30:22
BF_573_2010,573,10.759897,-5.365348,R,BCFRFAYV3HGAJUWGYDUDOV4L,2026-05-21T01:30:38
